id,skema
21,Program Pengembangan Desa Mitra (PPDM)
23,Penelitian Dasar Sosial (PDS)
24,Penelitian Dasar Rekayasa (PDR)
29,Program Kemitraan Masyarakat (PKM)
30,Program Kemitraan Masyarakat (PKM)
31,Penelitian Pranata Laboratorium Pendidikan (P2LP)
36,Program Pengembangan Desa Mitra (PPDM)
37,Penelitian Dasar Rekayasa (PDR)
38,Program Pengembangan Desa Mitra (PPDM)
39,Penelitian Dasar Rekayasa (PDR)
40,Program Kemitraan Masyarakat (PKM)
41,Program Kemitraan Masyarakat (PKM)
42,Penelitian Terapan Sosial (PTS)
43,Penelitian Terapan Rekayasa (PTR)
44,Penelitian Terapan Rekayasa (PTR)
45,Program Kemitraan Masyarakat (PKM)
46,Penelitian Dasar Rekayasa (PDR)
47,Program Pengembangan Desa Mitra (PPDM)
48,Penelitian Dasar Rekayasa (PDR)
49,Program Kemitraan Masyarakat (PKM)
50,Penelitian Dasar Rekayasa (PDR)
51,Program Kemitraan Masyarakat (PKM)
52,Program Kemitraan Masyarakat (PKM)
53,Program Pengembangan Desa Mitra (PPDM)
54,Program Kemitraan Masyarakat (PKM)
55,Program Pengembangan Desa Mitra (PPDM)
56,Penelitian Pranata Laboratorium Pendidikan (P2LP)
57,Penelitian Terapan Rekayasa (PTR)
58,Penelitian Dasar Rekayasa (PDR)
59,Program Kemitraan Masyarakat (PKM)
60,Program Kemitraan Masyarakat (PKM)
61,Penelitian Terapan Rekayasa (PTR)
62,Program Kemitraan Masyarakat (PKM)
63,Penelitian Dasar Rekayasa (PDR)
64,Penelitian Terapan Rekayasa (PTR)
65,Penelitian Dosen Pemula (PDP)
66,Penelitian Dasar Rekayasa (PDR)
67,Penelitian Kerja Sama Internasional (PKSI)
69,Penelitian Terapan Rekayasa (PTR)
70,Penelitian Terapan Rekayasa (PTR)
71,Program Kemitraan Masyarakat (PKM)
72,Penelitian Dosen Pemula (PDP)
73,Penelitian Dasar Sosial (PDS)
74,Program Kemitraan Masyarakat (PKM)
75,Penelitian Terapan Rekayasa (PTR)
76,Penelitian Dasar Rekayasa (PDR)
77,Penelitian Terapan Rekayasa (PTR)
78,Program Kemitraan Masyarakat (PKM)
79,Program Kemitraan Masyarakat (PKM)
80,Penelitian Pranata Laboratorium Pendidikan (P2LP)
81,Program Kemitraan Masyarakat (PKM)
82,Program Kemitraan Masyarakat (PKM)
83,Program Kemitraan Masyarakat (PKM)
84,Penelitian Terapan Rekayasa (PTR)
85,Penelitian Dasar Rekayasa (PDR)
86,Penelitian Terapan Rekayasa (PTR)
87,Penelitian Terapan Rekayasa (PTR)
88,Penelitian Dasar Sosial (PDS)
89,Penelitian Pranata Laboratorium Pendidikan (P2LP)
90,Penelitian Dosen Pemula (PDP)
91,Program Kemitraan Masyarakat (PKM)
92,Program Pengembangan Desa Mitra (PPDM)
93,Penelitian Terapan Sosial (PTS)
94,Penelitian Terapan Rekayasa (PTR)
95,Penelitian Terapan Rekayasa (PTR)
96,Program Kemitraan Masyarakat (PKM)
97,Program Kemitraan Masyarakat (PKM)
99,Penelitian Terapan Rekayasa (PTR)
103,Program Kemitraan Masyarakat (PKM)
104,Program Kemitraan Masyarakat (PKM)
105,Penelitian Dosen Pemula (PDP)
106,Penelitian Dasar Sosial (PDS)
107,Penelitian Kerja Sama Internasional (PKSI)
108,Program Kemitraan Masyarakat (PKM)
109,Penelitian Dasar Sosial (PDS)
110,Penelitian Dasar Rekayasa (PDR)
112,Penelitian Dasar Rekayasa (PDR)
113,Penelitian Terapan Rekayasa (PTR)
115,Penelitian Dasar Rekayasa (PDR)
116,Program Kemitraan Masyarakat (PKM)
117,Penelitian Dasar Rekayasa (PDR)
118,Penelitian Kerja Sama Internasional (PKSI)
119,Penelitian Dosen Pemula (PDP)
120,Penelitian Terapan Sosial (PTS)
121,Program Kemitraan Masyarakat (PKM)
122,Program Kemitraan Masyarakat (PKM)
123,Program Kemitraan Masyarakat (PKM)
124,Penelitian Unggulan Inovatif (PUI)
125,Penelitian Dosen Pemula (PDP)
126,Program Kemitraan Masyarakat (PKM)
127,Penelitian Terapan Rekayasa (PTR)
128,Program Kemitraan Masyarakat (PKM)
129,Penelitian Dasar Rekayasa (PDR)
131,Program Kemitraan Masyarakat (PKM)
133,Penelitian Terapan Sosial (PTS)
134,Penelitian Terapan Rekayasa (PTR)
135,Penelitian Dasar Rekayasa (PDR)
137,Penelitian Dasar Rekayasa (PDR)
138,Program Pengembangan Desa Mitra (PPDM)
139,Program Kemitraan Masyarakat (PKM)
140,Penelitian Dasar Rekayasa (PDR)
141,Penelitian Dasar Rekayasa (PDR)
142,Penelitian Dosen Pemula (PDP)
143,Penelitian Dosen Pemula (PDP)
144,Penelitian Terapan Sosial (PTS)
145,Program Kemitraan Masyarakat (PKM)
146,Penelitian Terapan Rekayasa (PTR)
147,Penelitian Dosen Pemula (PDP)
148,Program Kemitraan Masyarakat (PKM)
149,Penelitian Terapan Rekayasa (PTR)
151,Program Kemitraan Masyarakat (PKM)
152,Penelitian Dasar Rekayasa (PDR)
153,Penelitian Terapan Rekayasa (PTR)
154,Program Pengembangan Desa Mitra (PPDM)
155,Penelitian Dosen Pemula (PDP)
156,Program Kemitraan Masyarakat (PKM)
157,Penelitian Dasar Sosial (PDS)
158,Penelitian Unggulan Inovatif (PUI)
159,Penelitian Terapan Sosial (PTS)
160,Penelitian Dasar Sosial (PDS)
161,Program Kemitraan Masyarakat (PKM)
162,Penelitian Dosen Pemula (PDP)
163,Program Kemitraan Masyarakat (PKM)
164,Penelitian Terapan Rekayasa (PTR)
165,Penelitian Unggulan Inovatif (PUI)
166,Program Kemitraan Masyarakat (PKM)
167,Program Kemitraan Masyarakat (PKM)
168,Penelitian Terapan Rekayasa (PTR)
169,Penelitian Dosen Pemula (PDP)
170,Penelitian Terapan Rekayasa (PTR)
171,Program Pengembangan Desa Mitra (PPDM)
172,Program Pengembangan Desa Mitra (PPDM)
173,Penelitian Dasar Rekayasa (PDR)
174,Program Kemitraan Masyarakat (PKM)
175,Penelitian Terapan Rekayasa (PTR)
176,Program Kemitraan Masyarakat (PKM)
177,Program Kemitraan Masyarakat (PKM)
179,Penelitian Dasar Rekayasa (PDR)
181,Program Kemitraan Masyarakat (PKM)
182,Penelitian Terapan Rekayasa (PTR)
183,Penelitian Pranata Laboratorium Pendidikan (P2LP)
184,Penelitian Kerja Sama Internasional (PKSI)
185,Penelitian Terapan Rekayasa (PTR)
186,Program Pengembangan Desa Mitra (PPDM)
189,Program Pengembangan Desa Mitra (PPDM)
190,Penelitian Kerja Sama Internasional (PKSI)
191,Penelitian Dosen Pemula (PDP)
192,Program Kemitraan Masyarakat (PKM)
193,Program Pengembangan Desa Mitra (PPDM)
194,Penelitian Terapan Rekayasa (PTR)
195,Penelitian Unggulan Inovatif (PUI)
196,Program Pengembangan Desa Mitra (PPDM)
197,Program Pengembangan Desa Mitra (PPDM)
198,Penelitian Terapan Rekayasa (PTR)
199,Penelitian Dasar Sosial (PDS)
200,Penelitian Dasar Rekayasa (PDR)
201,Program Kemitraan Masyarakat (PKM)
202,Penelitian Dasar Rekayasa (PDR)
203,Penelitian Dasar Rekayasa (PDR)
204,Program Kemitraan Masyarakat (PKM)
205,Penelitian Kerja Sama Internasional (PKSI)
206,Penelitian Dasar Sosial (PDS)
207,Program Kemitraan Masyarakat (PKM)
208,Penelitian Dasar Rekayasa (PDR)
209,Penelitian Dasar Rekayasa (PDR)
210,Penelitian Dasar Rekayasa (PDR)
211,Penelitian Dasar Sosial (PDS)
212,Program Kemitraan Masyarakat (PKM)
213,Penelitian Terapan Rekayasa (PTR)
214,Program Kemitraan Masyarakat (PKM)
217,Penelitian Dasar Sosial (PDS)
218,Penelitian Dosen Pemula (PDP)
219,Penelitian Dasar Sosial (PDS)
220,Penelitian Dosen Pemula (PDP)
221,Program Kemitraan Masyarakat (PKM)
222,Penelitian Dasar Sosial (PDS)
223,Program Kemitraan Masyarakat (PKM)
224,Program Kemitraan Masyarakat (PKM)
225,Program Kemitraan Masyarakat (PKM)
227,Program Kemitraan Masyarakat (PKM)
228,Program Kemitraan Masyarakat (PKM)
229,Penelitian Kerja Sama Internasional (PKSI)
230,Penelitian Dosen Pemula (PDP)
231,Program Kemitraan Masyarakat (PKM)
232,Program Kemitraan Masyarakat (PKM)
233,Program Kemitraan Masyarakat (PKM)
234,Program Pengembangan Desa Mitra (PPDM)
235,Penelitian Terapan Rekayasa (PTR)
236,Penelitian Terapan Rekayasa (PTR)
237,Penelitian Kerja Sama Internasional (PKSI)
238,Penelitian Terapan Rekayasa (PTR)
239,Penelitian Dosen Pemula (PDP)
241,Penelitian Unggulan Inovatif (PUI)
242,Program Pengembangan Desa Mitra (PPDM)
243,Penelitian Dosen Pemula (PDP)
244,Penelitian Dasar Sosial (PDS)
245,Penelitian Unggulan Inovatif (PUI)
246,Penelitian Terapan Rekayasa (PTR)
247,Program Kemitraan Masyarakat (PKM)
248,Program Kemitraan Masyarakat (PKM)
249,Program Kemitraan Masyarakat (PKM)
251,Program Pengembangan Desa Mitra (PPDM)
252,Penelitian Terapan Sosial (PTS)
253,Penelitian Terapan Rekayasa (PTR)
254,Penelitian Dosen Pemula (PDP)
255,Penelitian Dasar Rekayasa (PDR)
256,Penelitian Terapan Sosial (PTS)
257,Penelitian Dasar Rekayasa (PDR)
266,Penelitian Terapan Penugasan (PTP)
269,Penelitian Terapan Penugasan (PTP)
275,Penelitian Terapan Penugasan (PTP)
284,Program Pengabdian Masyarakat Internasional (PPMI)
285,Program Pengabdian Masyarakat Internasional (PPMI)
288,Program Pengabdian Masyarakat Internasional (PPMI)
297,Penelitian Kerja Sama Internasional (PKSI)
301,Penelitian Terapan Rekayasa (PTR)
302,Penelitian Dosen Pemula (PDP)
305,Penelitian Dasar Rekayasa (PDR)
308,Penelitian Dasar Rekayasa (PDR)
314,Penelitian Dasar Sosial (PDS)
315,Penelitian Dasar Sosial (PDS)
320,Penelitian Terapan Rekayasa (PTR)
328,Penelitian Terapan Rekayasa (PTR)
331,Penelitian Dosen Pemula (PDP)
337,Penelitian Dosen Pemula (PDP)
341,Penelitian Dasar Sosial (PDS)
345,Penelitian Dasar Sosial (PDS)
347,Penelitian Dosen Pemula (PDP)
352,Penelitian Kerja Sama Internasional (PKSI)
357,Penelitian Dasar Rekayasa (PDR)
362,Penelitian Dasar Rekayasa (PDR)
366,Penelitian Dasar Sosial (PDS)
377,Program Pengembangan Desa Mitra (PPDM)
378,Penelitian Terapan Rekayasa (PTR)
379,Program Kemitraan Masyarakat (PKM)
380,Program Pengembangan Desa Mitra (PPDM)
381,Penelitian Dasar Rekayasa (PDR)
382,Penelitian Terapan Rekayasa (PTR)
383,Penelitian Kerja Sama Internasional (PKSI)
384,Penelitian Terapan Sosial (PTS)
386,Penelitian Dasar Rekayasa (PDR)
387,Penelitian Terapan Sosial (PTS)
388,Penelitian Terapan Rekayasa (PTR)
389,Penelitian Dasar Rekayasa (PDR)
390,Penelitian Pasca Sarjana (P2S)
391,Penelitian Terapan Rekayasa (PTR)
392,Program Kemitraan Masyarakat (PKM)
393,Penelitian Pranata Laboratorium Pendidikan (P2LP)
394,Penelitian Dasar Rekayasa (PDR)
395,Penelitian Terapan Rekayasa (PTR)
396,Penelitian Dasar Rekayasa (PDR)
397,Penelitian Dasar Rekayasa (PDR)
398,Penelitian Dasar Rekayasa (PDR)
401,Penelitian Kerja Sama Internasional (PKSI)
404,Penelitian Pranata Laboratorium Pendidikan (P2LP)
405,Program Kemitraan Masyarakat (PKM)
406,Penelitian Dasar Rekayasa (PDR)
409,Penelitian Dasar Rekayasa (PDR)
411,Penelitian Dasar Rekayasa (PDR)
412,Penelitian Pasca Sarjana (P2S)
413,Penelitian Terapan Rekayasa (PTR)
414,Penelitian Dasar Rekayasa (PDR)
415,Penelitian Dasar Rekayasa (PDR)
416,Program Kemitraan Masyarakat (PKM)
417,Penelitian Dasar Sosial (PDS)
418,Penelitian Pranata Laboratorium Pendidikan (P2LP)
419,Penelitian Kerja Sama Internasional (PKSI)
422,Penelitian Terapan Rekayasa (PTR)
423,Penelitian Pasca Sarjana (P2S)
424,Penelitian Pasca Sarjana (P2S)
425,Penelitian Terapan Rekayasa (PTR)
426,Program Kemitraan Masyarakat (PKM)
427,Program Kemitraan Masyarakat (PKM)
428,Penelitian Terapan Rekayasa (PTR)
429,Penelitian Terapan Rekayasa (PTR)
430,Penelitian Pasca Sarjana (P2S)
431,Penelitian Dosen Pemula (PDP)
432,Penelitian Unggulan Hilirisasi (PUH)
433,Penelitian Unggulan Hilirisasi (PUH)
434,Penelitian Terapan Rekayasa (PTR)
436,Penelitian Unggulan Hilirisasi (PUH)
438,Penelitian Pranata Laboratorium Pendidikan (P2LP)
439,Penelitian Terapan Rekayasa (PTR)
441,Program Kemitraan Masyarakat (PKM)
442,Program Kemitraan Masyarakat (PKM)
443,Penelitian Pranata Laboratorium Pendidikan (P2LP)
444,Penelitian Dasar Sosial (PDS)
445,Penelitian Dasar Sosial (PDS)
446,Penelitian Terapan Rekayasa (PTR)
447,Penelitian Pranata Laboratorium Pendidikan (P2LP)
448,Penelitian Dasar Rekayasa (PDR)
449,Penelitian Dasar Sosial (PDS)
450,Penelitian Pasca Sarjana (P2S)
451,Penelitian Dosen Pemula (PDP)
452,Penelitian Unggulan Hilirisasi (PUH)
454,Program Kemitraan Masyarakat (PKM)
455,Penelitian Dosen Pemula (PDP)
456,Program Kemitraan Masyarakat (PKM)
457,Penelitian Terapan Rekayasa (PTR)
458,Penelitian Dasar Sosial (PDS)
459,Program Kemitraan Masyarakat (PKM)
461,Program Kemitraan Masyarakat (PKM)
462,Program Kemitraan Masyarakat (PKM)
463,Penelitian Dasar Rekayasa (PDR)
464,Penelitian Dosen Pemula (PDP)
465,Penelitian Dasar Sosial (PDS)
467,Penelitian Dosen Pemula (PDP)
468,Penelitian Dasar Rekayasa (PDR)
469,Penelitian Dasar Rekayasa (PDR)
470,Penelitian Dosen Pemula (PDP)
471,Penelitian Pasca Sarjana (P2S)
472,Penelitian Dasar Sosial (PDS)
473,Penelitian Dosen Pemula (PDP)
474,Penelitian Dosen Pemula (PDP)
475,Penelitian Dosen Pemula (PDP)
476,Penelitian Dosen Pemula (PDP)
477,Penelitian Dasar Rekayasa (PDR)
478,Penelitian Terapan Rekayasa (PTR)
479,Penelitian Dasar Rekayasa (PDR)
480,Penelitian Terapan Rekayasa (PTR)
482,Penelitian Dosen Pemula (PDP)
483,Penelitian Pranata Laboratorium Pendidikan (P2LP)
484,Penelitian Dasar Rekayasa (PDR)
485,Program Pengembangan Desa Mitra (PPDM)
486,Penelitian Dosen Pemula (PDP)
487,Penelitian Dasar Rekayasa (PDR)
488,Program Kemitraan Masyarakat (PKM)
489,Program Kemitraan Masyarakat (PKM)
491,Penelitian Dasar Rekayasa (PDR)
492,Penelitian Dasar Rekayasa (PDR)
493,Program Kemitraan Masyarakat (PKM)
494,Program Pengembangan Desa Mitra (PPDM)
495,Program Kemitraan Masyarakat (PKM)
496,Program Kemitraan Masyarakat (PKM)
497,Program Kemitraan Masyarakat (PKM)
498,Penelitian Pasca Sarjana (P2S)
499,Penelitian Pranata Laboratorium Pendidikan (P2LP)
500,Penelitian Dasar Rekayasa (PDR)
501,Penelitian Dasar Rekayasa (PDR)
509,Program Kemitraan Masyarakat (PKM)
510,Penelitian Terapan Sosial (PTS)
511,Penelitian Dasar Rekayasa (PDR)
512,Program Kemitraan Masyarakat (PKM)
513,Penelitian Dasar Sosial (PDS)
514,Program Kemitraan Masyarakat (PKM)
515,Penelitian Dasar Rekayasa (PDR)
516,Penelitian Dasar Sosial (PDS)
517,Program Kemitraan Masyarakat (PKM)
518,Program Kemitraan Masyarakat (PKM)
519,Program Kemitraan Masyarakat (PKM)
520,Program Kemitraan Masyarakat (PKM)
521,Penelitian Dasar Rekayasa (PDR)
522,Program Kemitraan Masyarakat (PKM)
523,Penelitian Dosen Pemula (PDP)
524,Program Kemitraan Masyarakat (PKM)
525,Program Kemitraan Masyarakat (PKM)
526,Penelitian Dasar Rekayasa (PDR)
527,Program Pengembangan Desa Mitra (PPDM)
528,Program Kemitraan Masyarakat (PKM)
529,Penelitian Dasar Sosial (PDS)
530,Penelitian Dosen Pemula (PDP)
531,Penelitian Terapan Rekayasa (PTR)
532,Penelitian Unggulan Hilirisasi (PUH)
533,Program Kemitraan Masyarakat (PKM)
534,Penelitian Terapan Rekayasa (PTR)
535,Program Kemitraan Masyarakat (PKM)
536,Penelitian Unggulan Hilirisasi (PUH)
537,Program Kemitraan Masyarakat (PKM)
538,Program Kemitraan Masyarakat (PKM)
539,Penelitian Unggulan Hilirisasi (PUH)
540,Penelitian Unggulan Hilirisasi (PUH)
541,Program Kemitraan Masyarakat (PKM)
542,Penelitian Dasar Sosial (PDS)
543,Penelitian Dasar Rekayasa (PDR)
544,Penelitian Terapan Rekayasa (PTR)
545,Penelitian Terapan Sosial (PTS)
547,Program Kemitraan Masyarakat (PKM)
548,Penelitian Dasar Sosial (PDS)
549,Program Pengembangan Desa Mitra (PPDM)
550,Program Kemitraan Masyarakat (PKM)
551,Program Kemitraan Masyarakat (PKM)
552,Program Kemitraan Masyarakat (PKM)
553,Program Kemitraan Masyarakat (PKM)
554,Program Kemitraan Masyarakat (PKM)
555,Program Kemitraan Masyarakat (PKM)
556,Penelitian Dosen Pemula (PDP)
557,Penelitian Dasar Sosial (PDS)
558,Penelitian Dasar Rekayasa (PDR)
559,Program Kemitraan Masyarakat (PKM)
560,Program Pengembangan Desa Mitra (PPDM)
561,Program Kemitraan Masyarakat (PKM)
562,Penelitian Unggulan Hilirisasi (PUH)
563,Penelitian Dasar Rekayasa (PDR)
564,Program Kemitraan Masyarakat (PKM)
565,Program Pengembangan Desa Mitra (PPDM)
566,Penelitian Kerja Sama Internasional (PKSI)
567,Penelitian Unggulan Hilirisasi (PUH)
568,Program Pengembangan Desa Mitra (PPDM)
569,Program Pengembangan Desa Mitra (PPDM)
571,Penelitian Unggulan Hilirisasi (PUH)
573,Penelitian Terapan Penugasan (PTP)
574,Penelitian Terapan Penugasan (PTP)
575,Penelitian Terapan Penugasan (PTP)
576,Penelitian Terapan Penugasan (PTP)
577,Penelitian Terapan Penugasan (PTP)
